name	date
D/31a/Belgium/2005/Belgium/	2005
D/45a/Belgium/1984/Belgium/	1984
D/70z/Belgium/2001/Belgium/	2001
D/81a/Belgium/2002/Belgium/	2002
D/83a/Belgium/1987/Belgium/	1987
D/8z/Belgium/2006/Belgium/	2006
D/AB188241/Japan/2001/Japan/	2001
D/AB210819/Japan/1990/Japan/	1990
D/AB210820/Japan/2001/Japan/	2001
D/AB210822/Japan/2001/Japan/	2001
D/AB222709/Uzbekistan/2004/Uzbekistan/	2004
D/AB222710/Uzbekistan/2004/Uzbekistan/	2004
D/AB222711/Uzbekistan/2004/Uzbekistan/	2004
D/AB222712/Uzbekistan/2004/Uzbekistan/	2004
D/AB222713/Uzbekistan/2004/Uzbekistan/	2004
D/AB267090/Japan/2005/Japan/	2005
D/AB270537/Mongolia/2005/Mongolia/	2005
D/AB270538/Mongolia/2005/Mongolia/	2005
D/AB270539/Mongolia/2005/Mongolia/	2005
D/AB270540/Mongolia/2005/Mongolia/	2005
D/AB270541/Mongolia/2005/Mongolia/	2005
D/AB270542/Mongolia/2005/Mongolia/	2005
D/AB270543/Mongolia/2005/Mongolia/	2005
D/AB270544/Mongolia/2005/Mongolia/	2005
D/AB270545/Mongolia/2005/Mongolia/	2005
D/AB270546/Mongolia/2005/Mongolia/	2005
D/AB270547/Mongolia/2005/Mongolia/	2005
D/AB270548/Mongolia/2005/Mongolia/	2005
D/AB270549/Mongolia/2005/Mongolia/	2005
D/AB270550/Mongolia/2005/Mongolia/	2005
D/AB493845/Indonesia/2004/Indonesia/	2004
D/AB493846/Indonesia/2004/Indonesia/	2004
D/AB493848/Indonesia/2004/Indonesia/	2004
D/AB554016/Indonesia/2009/Indonesia/	2009
D/AB554023/Indonesia/2009/Indonesia/	2009
D/AB554024/Indonesia/2009/Indonesia/	2009
D/AB555496/Taiwan/2009/Taiwan/	2009
D/AB555497/Taiwan/2009/Taiwan/	2009
D/AB555500/Taiwan/2009/Taiwan/	2009
D/AB555501/Taiwan/2009/Taiwan/	2009
D/AF043593/Germany/1989/Germany/	1989
D/AF043594/Germany/1991/Germany/	1991
D/AJ131956/Germany/1986/Germany/	1986
D/AY341335/UK/2003/UK/	2003
D/AY741794/Iran/2003/Iran/	2003
D/AY741795/Iran/2003/Iran/	2003
D/AY741796/Iran/2003/Iran/	2003
D/AY741797/Iran/2003/Iran/	2003
D/AY741798/Iran/2003/Iran/	2003
D/EU414135/Belarus/2005/Belarus/	2005
D/EU414136/Belarus/2005/Belarus/	2005
D/EU414137/Belarus/2005/Belarus/	2005
D/EU414138/Belarus/2005/Belarus/	2005
D/EU414139/Belarus/2005/Belarus/	2005
D/EU414140/Belarus/2005/Belarus/	2005
D/EU414141/Belarus/2005/Belarus/	2005
D/EU414142/Belarus/2005/Belarus/	2005
D/EU414143/Belarus/2005/Belarus/	2005
D/EU921418/Indonesia/2007/Indonesia/	2007
D/EU921419/Indonesia/2007/Indonesia/	2007
D/EU939680/China/2005/China/	2005
D/FJ349205/Belgium/2005/Belgium/	2005
D/FJ349206/Belgium/2005/Belgium/	2005
D/FJ349207/Belgium/1998/Belgium/	1998
D/FJ349208/Belgium/1998/Belgium/	1998
D/FJ349209/Belgium/1998/Belgium/	1998
D/FJ349210/Belgium/1998/Belgium/	1998
D/FJ349211/Belgium/1998/Belgium/	1998
D/FJ349212/Belgium/1998/Belgium/	1998
D/FJ349213/Belgium/1999/Belgium/	1999
D/FJ349214/Belgium/1999/Belgium/	1999
D/FJ349215/Belgium/1995/Belgium/	1995
D/FJ349216/Belgium/2000/Belgium/	2000
D/FJ349217/Belgium/1999/Belgium/	1999
D/FJ349218/Belgium/1999/Belgium/	1999
D/FJ349219/Belgium/1999/Belgium/	1999
D/FJ349220/Belgium/1999/Belgium/	1999
D/FJ349221/Belgium/1999/Belgium/	1999
D/FJ349228/Belgium/2005/Belgium/	2005
D/FJ349229/Belgium/2005/Belgium/	2005
D/FJ349230/Belgium/2005/Belgium/	2005
D/FJ349231/Belgium/2005/Belgium/	2005
D/FJ349232/Belgium/2006/Belgium/	2006
D/FJ349233/Belgium/2006/Belgium/	2006
D/FJ349234/Belgium/2007/Belgium/	2007
D/FJ349235/Belgium/2007/Belgium/	2007
D/FJ562309/China/2007/China/	2007
D/FJ904422/Tunisia/2006/Tunisia/	2006
D/G10113a/Belgium/1986/Belgium/	1986
D/G10315a/Belgium/1994/Belgium/	1994
D/G1034a/Belgium/2001/Belgium/	2001
D/G10414a/Belgium/1992/Belgium/	1992
D/G10442a/Belgium/1992/Belgium/	1992
D/G10453a/Belgium/1992/Belgium/	1992
D/G1047a/Belgium/1987/Belgium/	1987
D/G10715/Belgium/2007/Belgium/	2007
D/G1967/Belgium/1996/Belgium/	1996
D/G1HR4/Belgium/1988/Belgium/	1988
D/GQ161754/Ghana/2000/Ghana/	2000
D/GQ183448/India/2009/India/	2009
D/GQ183449/India/2009/India/	2009
D/GQ183450/India/2009/India/	2009
D/GQ183451/India/2009/India/	2009
D/GQ183452/India/2009/India/	2009
D/GQ183453/India/2009/India/	2009
D/GQ183454/India/2009/India/	2009
D/GQ183455/India/2009/India/	2009
D/GQ183456/India/2009/India/	2009
D/GQ183457/India/2009/India/	2009
D/GQ183458/India/2009/India/	2009
D/GQ183459/India/2009/India/	2009
D/GQ183460/India/2009/India/	2009
D/GQ183461/India/2009/India/	2009
D/GQ183462/India/2009/India/	2009
D/GQ183463/India/2009/India/	2009
D/GQ183464/India/2009/India/	2009
D/GQ183465/India/2009/India/	2009
D/GQ183466/India/2009/India/	2009
D/GQ183467/India/2009/India/	2009
D/GQ183468/India/2009/India/	2009
D/GQ183469/India/2009/India/	2009
D/GQ183470/India/2009/India/	2009
D/GQ183471/India/2009/India/	2009
D/GQ183472/India/2009/India/	2009
D/GQ183473/India/2009/India/	2009
D/GQ183474/India/2009/India/	2009
D/GQ183475/India/2009/India/	2009
D/GQ183476/India/2009/India/	2009
D/GQ183477/India/2009/India/	2009
D/GQ183478/India/2009/India/	2009
D/GQ183479/India/2009/India/	2009
D/GQ183480/India/2009/India/	2009
D/GQ183481/India/2009/India/	2009
D/GQ183482/India/2009/India/	2009
D/GQ183483/India/2009/India/	2009
D/GQ183484/India/2009/India/	2009
D/GQ183485/India/2009/India/	2009
D/GQ183486/India/2009/India/	2009
D/GU563549/Belgium/2008/Belgium/	2008
D/GU563560/Belgium/2005/Belgium/	2005
D/HQ700440/NewZealand/1984/NewZealand/	1984
D/HQ700441/NewZealand/1984/NewZealand/	1984
D/HQ700442/NewZealand/1984/NewZealand/	1984
D/HQ700443/NewZealand/1999/NewZealand/	1999
D/HQ700444/NewZealand/1984/NewZealand/	1984
D/HQ700445/NewZealand/1984/NewZealand/	1984
D/HQ700446/NewZealand/1999/NewZealand/	1999
D/HQ700447/NewZealand/1984/NewZealand/	1984
D/HQ700448/NewZealand/1999/NewZealand/	1999
D/HQ700449/NewZealand/1984/NewZealand/	1984
D/HQ700450/NewZealand/1984/NewZealand/	1984
D/HQ700452/NewZealand/1984/NewZealand/	1984
D/HQ700453/NewZealand/1984/NewZealand/	1984
D/HQ700454/NewZealand/1984/NewZealand/	1984
D/HQ700455/NewZealand/1999/NewZealand/	1999
D/HQ700458/NewZealand/1997/NewZealand/	1997
D/HQ700459/NewZealand/1993/NewZealand/	1993
D/HQ700460/NewZealand/1984/NewZealand/	1984
D/HQ700463/NewZealand/1984/NewZealand/	1984
D/HQ700464/NewZealand/1984/NewZealand/	1984
D/HQ700465/NewZealand/1992/NewZealand/	1992
D/HQ700466/NewZealand/1984/NewZealand/	1984
D/HQ700467/NewZealand/1999/NewZealand/	1999
D/HQ700468/NewZealand/1984/NewZealand/	1984
D/HQ700469/NewZealand/1984/NewZealand/	1984
D/HQ700470/NewZealand/1999/NewZealand/	1999
D/HQ700471/NewZealand/1984/NewZealand/	1984
D/HQ700472/NewZealand/1997/NewZealand/	1997
D/HQ700473/NewZealand/1984/NewZealand/	1984
D/HQ700474/NewZealand/1999/NewZealand/	1999
D/HQ700477/NewZealand/1984/NewZealand/	1984
D/HQ700478/NewZealand/1994/NewZealand/	1994
D/HQ700479/NewZealand/1984/NewZealand/	1984
D/HQ700480/NewZealand/1984/NewZealand/	1984
D/HQ700481/NewZealand/1999/NewZealand/	1999
D/HQ700482/NewZealand/1984/NewZealand/	1984
D/HQ700483/NewZealand/1984/NewZealand/	1984
D/HQ700484/NewZealand/1984/NewZealand/	1984
D/HQ700487/NewZealand/1988/NewZealand/	1988
D/HQ700488/NewZealand/1984/NewZealand/	1984
D/HQ700489/NewZealand/1999/NewZealand/	1999
D/HQ700491/NewZealand/1996/NewZealand/	1996
D/HQ700492/Fiji/2004/Fiji/	2004
D/HQ700493/Fiji/2004/Fiji/	2004
D/HQ700494/Fiji/2004/Fiji/	2004
D/HQ700497/Fiji/2004/Fiji/	2004
D/HQ700500/Samoa/1993/Samoa/	1993
D/HQ700501/Samoa/1991/Samoa/	1991
D/HQ700503/Tonga/1992/Tonga/	1992
D/HQ700510/NewCaledonia/2003/NewCaledonia/	2003
D/HQ700511/NewCaledonia/2001/NewCaledonia/	2001
D/HQ700512/NewCaledonia/2001/NewCaledonia/	2001
D/HQ700513/NewCaledonia/2001/NewCaledonia/	2001
D/HQ700514/NewCaledonia/2001/NewCaledonia/	2001
D/HQ700524/PapuaNewGuinea/2004/PapuaNewGuinea/	2004
D/HQ700525/PapuaNewGuinea/2004/PapuaNewGuinea/	2004
D/HQ700533/Kiribati/2004/Kiribati/	2004
D/HQ700534/Kiribati/2004/Kiribati/	2004
D/HQ700535/Kiribati/2004/Kiribati/	2004
D/HQ700536/Kiribati/2004/Kiribati/	2004
D/HQ700537/Kiribati/2004/Kiribati/	2004
D/HQ700538/Kiribati/2004/Kiribati/	2004
D/HQ700540/Kiribati/2004/Kiribati/	2004
D/HQ700541/Kiribati/2005/Kiribati/	2005
D/HQ833465/China/2009/China/	2009
D/HQ833466/China/2009/China/	2009
D/HQ833467/China/2009/China/	2009
D/HQ833468/China/2009/China/	2009
D/HQ833469/China/2009/China/	2009
D/HQ833470/China/2009/China/	2009
D/HQ833471/China/2009/China/	2009
D/JN040750/Iran/2008/Iran/	2008
D/JN040751/Iran/2008/Iran/	2008
D/JN040752/Iran/2009/Iran/	2009
D/JN040753/Iran/2007/Iran/	2007
D/JN040754/Iran/2009/Iran/	2009
D/JN040755/Iran/2006/Iran/	2006
D/JN040756/Iran/2008/Iran/	2008
D/JN040757/Iran/2007/Iran/	2007
D/JN040758/Iran/2007/Iran/	2007
D/JN040759/Iran/2006/Iran/	2006
D/JN040760/Iran/2007/Iran/	2007
D/JN040761/Iran/2008/Iran/	2008
D/JN040762/Iran/2009/Iran/	2009
D/JN040763/Iran/2006/Iran/	2006
D/JN040764/Iran/2006/Iran/	2006
D/JN040765/Iran/2009/Iran/	2009
D/JN040766/Iran/2009/Iran/	2009
D/JN040767/Iran/2009/Iran/	2009
D/JN040768/Iran/2006/Iran/	2006
D/JN040769/Iran/2008/Iran/	2008
D/JN040770/Iran/2006/Iran/	2006
D/JN040771/Iran/2009/Iran/	2009
D/JN040772/Iran/2006/Iran/	2006
D/JN040773/Iran/2007/Iran/	2007
D/JN040774/Iran/2006/Iran/	2006
D/JN040775/Iran/2008/Iran/	2008
D/JN040776/Iran/2006/Iran/	2006
D/JN040777/Iran/2007/Iran/	2007
D/JN040778/Iran/2008/Iran/	2008
D/JN040779/Iran/2007/Iran/	2007
D/JN040780/Iran/2007/Iran/	2007
D/JN040781/Iran/2009/Iran/	2009
D/JN040782/Iran/2009/Iran/	2009
D/JN040783/Iran/2007/Iran/	2007
D/JN040784/Iran/2009/Iran/	2009
D/JN040785/Iran/2009/Iran/	2009
D/JN040786/Iran/2009/Iran/	2009
D/JN040787/Iran/2009/Iran/	2009
D/JN040788/Iran/2009/Iran/	2009
D/JN040789/Iran/2007/Iran/	2007
D/JN040790/Iran/2006/Iran/	2006
D/JN040791/Iran/2007/Iran/	2007
D/JN040792/Iran/2008/Iran/	2008
D/JN040793/Iran/2007/Iran/	2007
D/JN040794/Iran/2008/Iran/	2008
D/JN040795/Iran/2008/Iran/	2008
D/JN040796/Iran/2009/Iran/	2009
D/JN040797/Iran/2009/Iran/	2009
D/JN040798/Iran/2009/Iran/	2009
D/JN040799/Iran/2006/Iran/	2006
D/JN040800/Iran/2009/Iran/	2009
D/JN040801/Iran/2009/Iran/	2009
D/JN040802/Iran/2008/Iran/	2008
D/JN040803/Iran/2009/Iran/	2009
D/JN040804/Iran/2008/Iran/	2008
D/JN040805/Iran/2007/Iran/	2007
D/JN040806/Iran/2006/Iran/	2006
D/JN040807/Iran/2009/Iran/	2009
D/JN040808/Iran/2007/Iran/	2007
D/JN040809/Iran/2008/Iran/	2008
D/JN040810/Iran/2007/Iran/	2007
D/JN040811/Iran/2007/Iran/	2007
D/JN040812/Iran/2007/Iran/	2007
D/JN040813/Iran/2008/Iran/	2008
D/JN040814/Iran/2009/Iran/	2009
D/JN040815/Iran/2008/Iran/	2008
D/JN040816/Iran/2008/Iran/	2008
D/JN040817/Iran/2009/Iran/	2009
D/JN040818/Iran/2009/Iran/	2009
D/JN040819/Iran/2009/Iran/	2009
D/JN040820/Iran/2007/Iran/	2007
D/JN040821/Iran/2006/Iran/	2006
D/JN040822/Iran/2007/Iran/	2007
D/JN040823/Iran/2008/Iran/	2008
D/JN040824/Iran/2009/Iran/	2009
D/JN040825/Iran/2007/Iran/	2007
D/JN040826/Iran/2006/Iran/	2006
D/JN040827/Iran/2009/Iran/	2009
D/JN040828/Iran/2007/Iran/	2007
D/JN040829/Iran/2006/Iran/	2006
D/JN040830/Iran/2006/Iran/	2006
D/JN257148/Syria/2010/Syria/	2010
D/JN257149/Syria/2010/Syria/	2010
D/JN257150/Syria/2008/Syria/	2008
D/JN257151/Syria/2008/Syria/	2008
D/JN257152/Syria/2009/Syria/	2009
D/JN257153/Syria/2009/Syria/	2009
D/JN257154/Syria/2009/Syria/	2009
D/JN257155/Syria/2009/Syria/	2009
D/JN257156/Syria/2009/Syria/	2009
D/JN257157/Syria/2009/Syria/	2009
D/JN257158/Syria/2009/Syria/	2009
D/JN257159/Syria/2009/Syria/	2009
D/JN257160/Syria/2009/Syria/	2009
D/JN257161/Syria/2009/Syria/	2009
D/JN257162/Syria/2009/Syria/	2009
D/JN257163/Syria/2009/Syria/	2009
D/JN257164/Syria/2009/Syria/	2009
D/JN257165/Syria/2009/Syria/	2009
D/JN257166/Syria/2009/Syria/	2009
D/JN257167/Syria/2009/Syria/	2009
D/JN257168/Syria/2009/Syria/	2009
D/JN257169/Syria/2009/Syria/	2009
D/JN257170/Syria/2009/Syria/	2009
D/JN257171/Syria/2009/Syria/	2009
D/JN257172/Syria/2009/Syria/	2009
D/JN257173/Syria/2009/Syria/	2009
D/JN257174/Syria/2009/Syria/	2009
D/JN257175/Syria/2009/Syria/	2009
D/JN257176/Syria/2009/Syria/	2009
D/JN257177/Syria/2009/Syria/	2009
D/JN257178/Syria/2010/Syria/	2010
D/JN257179/Syria/2010/Syria/	2010
D/JN257180/Syria/2010/Syria/	2010
D/JN257181/Syria/2010/Syria/	2010
D/JN257182/Syria/2009/Syria/	2009
D/JN257183/Syria/2010/Syria/	2010
D/JN257184/Syria/2008/Syria/	2008
D/JN257185/Syria/2008/Syria/	2008
D/JN257186/Syria/2008/Syria/	2008
D/JN257187/Syria/2008/Syria/	2008
D/JN257188/Syria/2008/Syria/	2008
D/JN257189/Syria/2008/Syria/	2008
D/JN257190/Syria/2008/Syria/	2008
D/JN257191/Syria/2009/Syria/	2009
D/JN257192/Syria/2009/Syria/	2009
D/JN257193/Syria/2009/Syria/	2009
D/JN257194/Syria/2009/Syria/	2009
D/JN257195/Syria/2009/Syria/	2009
D/JN257197/Syria/2009/Syria/	2009
D/JN257198/Syria/2009/Syria/	2009
D/JN257199/Syria/2009/Syria/	2009
D/JN257200/Syria/2009/Syria/	2009
D/JN257201/Syria/2009/Syria/	2009
D/JN257202/Syria/2009/Syria/	2009
D/JN257203/Syria/2009/Syria/	2009
D/JN257204/Syria/2009/Syria/	2009
D/JN257205/Syria/2009/Syria/	2009
D/JN257206/Syria/2010/Syria/	2010
D/JN257207/Syria/2010/Syria/	2010
D/JN257208/Syria/2010/Syria/	2010
D/JN257209/Syria/2010/Syria/	2010
D/JN257210/Syria/2010/Syria/	2010
D/JN257211/Syria/2010/Syria/	2010
D/JN257212/Syria/2010/Syria/	2010
D/JN257213/Syria/2010/Syria/	2010
D/JN257214/Syria/2009/Syria/	2009
D/JN257215/Syria/2009/Syria/	2009
D/JN257216/Syria/2009/Syria/	2009
D/JN257217/Syria/2009/Syria/	2009
D/JN664909/India/2010/India/	2010
D/JN664910/India/2010/India/	2010
D/JN664911/India/2010/India/	2010
D/JN664912/India/2010/India/	2010
D/JN664913/India/2010/India/	2010
D/JN664914/India/2010/India/	2010
D/JN664915/India/2010/India/	2010
D/JN664916/India/2010/India/	2010
D/JN664917/India/2010/India/	2010
D/JN664918/India/2010/India/	2010
D/JN664923/India/2010/India/	2010
D/JN664924/India/2010/India/	2010
D/JN664925/India/2010/India/	2010
D/JN664926/India/2010/India/	2010
D/JN664927/India/2010/India/	2010
D/JN664928/India/2010/India/	2010
D/JN664929/India/2010/India/	2010
D/JN664930/India/2010/India/	2010
D/JN664931/India/2010/India/	2010
D/JN664932/India/2010/India/	2010
D/JN664934/India/2010/India/	2010
D/JN664936/India/2010/India/	2010
D/JN664937/India/2010/India/	2010
D/JN664938/India/2010/India/	2010
D/JN664939/India/2010/India/	2010
D/JN664940/India/2010/India/	2010
D/JN664941/India/2010/India/	2010
D/JN664943/India/2010/India/	2010
D/JN664944/India/2010/India/	2010
D/JN664946/India/2010/India/	2010
D/JN664947/India/2010/India/	2010
D/JN792903/Greenland/2004/Greenland/	2004
D/JN792904/Greenland/1998/Greenland/	1998
D/JN792905/Greenland/2004/Greenland/	2004
D/JN792906/Greenland/1998/Greenland/	1998
D/JN792907/Greenland/2004/Greenland/	2004
D/JN792908/Greenland/1998/Greenland/	1998
D/JN792909/Greenland/2004/Greenland/	2004
D/JN792910/Greenland/1998/Greenland/	1998
D/JN792911/Greenland/1998/Greenland/	1998
D/JN792912/Greenland/2004/Greenland/	2004
D/JQ687530/Serbia/2008/Serbia/	2008
D/JQ687531/China/2008/China/	2008
D/JQ687532/Serbia/2008/Serbia/	2008
D/KC774436/China/2012/China/	2012
D/KC774437/China/2012/China/	2012
D/KC774440/China/2012/China/	2012
D/KC774444/China/2012/China/	2012
D/KC774445/China/2012/China/	2012
D/KC774450/China/2012/China/	2012
D/KC774459/China/2012/China/	2012
D/KC774460/China/2012/China/	2012
D/KF061167/Pakistan/2012/Pakistan/	2012
D/KF061168/Pakistan/2012/Pakistan/	2012
D/KF061169/Pakistan/2012/Pakistan/	2012
D/KF061170/Pakistan/2012/Pakistan/	2012
D/KF471640/Iran/2007/Iran/	2007
D/KF471641/Iran/2007/Iran/	2007
D/KF471642/Iran/2007/Iran/	2007
D/KF471643/Iran/2007/Iran/	2007
D/KF471644/Iran/2007/Iran/	2007
D/KF471645/Iran/2007/Iran/	2007
D/KF471646/Iran/2007/Iran/	2007
D/KF471647/Iran/2007/Iran/	2007
D/KF471648/Iran/2007/Iran/	2007
D/KF471649/Iran/2007/Iran/	2007
D/KF471650/Iran/2007/Iran/	2007
D/KF471651/Iran/2007/Iran/	2007
D/KF471652/Iran/2007/Iran/	2007
D/KF471653/Iran/2007/Iran/	2007
D/KF471654/Iran/2007/Iran/	2007
D/KF471655/Iran/2007/Iran/	2007
D/KF471656/Iran/2007/Iran/	2007
D/KF471657/Iran/2007/Iran/	2007
D/KF471658/Iran/2007/Iran/	2007
D/KF471659/Iran/2007/Iran/	2007
D/KF779209/USA/1998/USA/	1998
D/KF779212/USA/1999/USA/	1999
D/KF779214/USA/1999/USA/	1999
D/KF779216/USA/1999/USA/	1999
D/KF779217/USA/2000/USA/	2000
D/KF779218/USA/2000/USA/	2000
D/KF779219/USA/2001/USA/	2001
D/KF779220/USA/2001/USA/	2001
D/KF779222/USA/2002/USA/	2002
D/KF779223/USA/2002/USA/	2002
D/KF779224/USA/2002/USA/	2002
D/KF779225/USA/2002/USA/	2002
D/KF779226/USA/2003/USA/	2003
D/KF779228/USA/2003/USA/	2003
D/KF779229/USA/2003/USA/	2003
D/KF779230/USA/2003/USA/	2003
D/KF779241/USA/2004/USA/	2004
D/KF779285/USA/1999/USA/	1999
D/KF779288/USA/1999/USA/	1999
D/KF779289/USA/2000/USA/	2000
D/KF779292/USA/2000/USA/	2000
D/KF779296/USA/2001/USA/	2001
D/KF779301/USA/2002/USA/	2002
D/KF779302/USA/2002/USA/	2002
D/KF779303/USA/2002/USA/	2002
D/KF779318/USA/2000/USA/	2000
D/KF779340/USA/2001/USA/	2001
D/KF779341/USA/2002/USA/	2002
D/KF779343/USA/2003/USA/	2003
D/KF779353/USA/2003/USA/	2003
D/KF779376/USA/2000/USA/	2000
D/KF779377/USA/2000/USA/	2000
D/KF779380/USA/2003/USA/	2003
D/KF779382/USA/2005/USA/	2005
D/MB116/Belgium/2008/Congo/	2008
D/MB12/Belgium/2008/Congo/	2008
D/MB3/Belgium/2008/Rwanda/	2008
D/MB35/Belgium/2009/Rwanda/	2009
D/MB5/Belgium/2008/Niger/	2008
D/MB67/Belgium/2006/Congo/	2006
D/MB96/Belgium/2007/Ghana/	2007
D/U95551/USA/1997/USA/	1997
D/X72702/Germany/1993/Germany/	1993
D1/AL17GF/Belgium/1997/Belgium/	1997
D1/AY945307/India/1999/India/	1999
D1/EU594396/Kazakhstan/1997/Kazakhstan/	1997
D1/FJ386590/China/2008/China/	2008
D1/FJ899792/China/2007/China/	2007
D1/FJ904399/Tunisia/2006/Tunisia/	2006
D1/FJ904402/Tunisia/2006/Tunisia/	2006
D1/FJ904412/Tunisia/2006/Tunisia/	2006
D1/FJ904415/Tunisia/2006/Tunisia/	2006
D1/FJ904418/Tunisia/2006/Tunisia/	2006
D1/FJ904420/Tunisia/2006/Tunisia/	2006
D1/FJ904421/Tunisia/2006/Tunisia/	2006
D1/FJ904426/Tunisia/2006/Tunisia/	2006
D1/FJ904427/Tunisia/2006/Tunisia/	2006
D1/FJ904429/Tunisia/2006/Tunisia/	2006
D1/FJ904431/Tunisia/2006/Tunisia/	2006
D1/FJ904432/Tunisia/2006/Tunisia/	2006
D1/FJ904443/Tunisia/2005/Tunisia/	2005
D1/FJ904444/Tunisia/2006/Tunisia/	2006
D1/FJ904445/Tunisia/2006/Tunisia/	2006
D1/FJ904446/Tunisia/2006/Tunisia/	2006
D1/GQ377589/China/2007/China/	2007
D1/GQ477458/Poland/2006/Poland/	2006
D1/GQ477459/Poland/2006/Poland/	2006
D1/GU357846/China/2006/China/	2006
D1/GU456636/Iran/2007/Iran/	2007
D1/GU456637/Iran/2007/Iran/	2007
D1/GU456638/Iran/2007/Iran/	2007
D1/GU456639/Iran/2007/Iran/	2007
D1/GU456640/Iran/2007/Iran/	2007
D1/GU456641/Iran/2007/Iran/	2007
D1/GU456642/Iran/2007/Iran/	2007
D1/GU456643/Iran/2007/Iran/	2007
D1/GU456644/Iran/2007/Iran/	2007
D1/GU456645/Iran/2007/Iran/	2007
D1/GU456646/Iran/2007/Iran/	2007
D1/GU456647/Iran/2007/Iran/	2007
D1/GU456648/Iran/2007/Iran/	2007
D1/GU456649/Iran/2007/Iran/	2007
D1/GU456650/Iran/2007/Iran/	2007
D1/GU456651/Iran/2007/Iran/	2007
D1/GU456652/Iran/2007/Iran/	2007
D1/GU456653/Iran/2007/Iran/	2007
D1/GU456654/Iran/2007/Iran/	2007
D1/GU456655/Iran/2007/Iran/	2007
D1/GU456656/Iran/2007/Iran/	2007
D1/GU456657/Iran/2007/Iran/	2007
D1/GU456658/Iran/2007/Iran/	2007
D1/GU456659/Iran/2007/Iran/	2007
D1/GU456660/Iran/2007/Iran/	2007
D1/GU456661/Iran/2007/Iran/	2007
D1/GU456662/Iran/2007/Iran/	2007
D1/GU456663/Iran/2007/Iran/	2007
D1/GU456664/Iran/2007/Iran/	2007
D1/GU456665/Iran/2007/Iran/	2007
D1/GU456666/Iran/2007/Iran/	2007
D1/GU456667/Iran/2007/Iran/	2007
D1/GU456668/Iran/2007/Iran/	2007
D1/GU456669/Iran/2007/Iran/	2007
D1/GU456670/Iran/2007/Iran/	2007
D1/GU456671/Iran/2007/Iran/	2007
D1/GU456672/Iran/2007/Iran/	2007
D1/GU456673/Iran/2007/Iran/	2007
D1/GU456674/Iran/2007/Iran/	2007
D1/GU456675/Iran/2007/Iran/	2007
D1/GU456676/Iran/2007/Iran/	2007
D1/GU456677/Iran/2007/Iran/	2007
D1/GU456678/Iran/2007/Iran/	2007
D1/GU456679/Iran/2007/Iran/	2007
D1/GU456680/Iran/2007/Iran/	2007
D1/GU456681/Iran/2007/Iran/	2007
D1/GU456682/Iran/2007/Iran/	2007
D1/GU456683/Iran/2007/Iran/	2007
D1/GU456684/Iran/2007/Iran/	2007
D1/JN642126/Lebanon/2010/Lebanon/	2010
D1/JN642127/Lebanon/2010/Lebanon/	2010
D1/JN642128/Lebanon/2010/Lebanon/	2010
D1/JN642129/Lebanon/2010/Lebanon/	2010
D1/JN642130/Lebanon/2010/Lebanon/	2010
D1/JN642131/Lebanon/2010/Lebanon/	2010
D1/JN642132/Lebanon/2010/Lebanon/	2010
D1/JN642133/Lebanon/2010/Lebanon/	2010
D1/JN642134/Lebanon/2010/Lebanon/	2010
D1/JN642135/Lebanon/2010/Lebanon/	2010
D1/JN642136/Lebanon/2010/Lebanon/	2010
D1/JN642137/Lebanon/2010/Lebanon/	2010
D1/JN642138/Lebanon/2010/Lebanon/	2010
D1/JN642139/Lebanon/2010/Lebanon/	2010
D1/JN642140/Lebanon/2010/Lebanon/	2010
D1/JN642141/Lebanon/2010/Lebanon/	2010
D1/JN642142/Lebanon/2010/Lebanon/	2010
D1/JN642145/Lebanon/2010/Lebanon/	2010
D1/JN642146/Lebanon/2010/Lebanon/	2010
D1/JN642147/Lebanon/2010/Lebanon/	2010
D1/JN642149/Lebanon/2010/Lebanon/	2010
D1/JN642150/Lebanon/2010/Lebanon/	2010
D1/JN642151/Lebanon/2010/Lebanon/	2010
D1/JN642152/Lebanon/2010/Lebanon/	2010
D1/JN642153/Lebanon/2010/Lebanon/	2010
D1/JN642154/Lebanon/2010/Lebanon/	2010
D1/JN642155/Lebanon/2010/Lebanon/	2010
D1/JN642156/Lebanon/2010/Lebanon/	2010
D1/JN642157/Lebanon/2010/Lebanon/	2010
D1/JN642158/Lebanon/2010/Lebanon/	2010
D1/JN642161/Lebanon/2010/Lebanon/	2010
D1/JN642164/Lebanon/2010/Lebanon/	2010
D1/JN642165/Lebanon/2010/Lebanon/	2010
D1/JN642166/Lebanon/2010/Lebanon/	2010
D1/JN642167/Lebanon/2010/Lebanon/	2010
D1/KF170739/Sudan/2008/Sudan/	2008
D1/KF584158/Argentina/2007/Argentina/	2007
D1/KF584159/Argentina/2010/Argentina/	2010
D1/KF584160/Argentina/2012/Argentina/	2012
D1/KF584161/Argentina/2011/Argentina/	2011
D1/KF584162/Argentina/2012/Argentina/	2012
D1/KF584163/Argentina/2011/Argentina/	2011
D1/KF584164/Argentina/2012/Argentina/	2012
D1/KF584165/Argentina/2011/Argentina/	2011
D1/KF584166/Argentina/2012/Argentina/	2012
D2/AB078031/Japan/1998/Japan/	1998
D2/AB078032/Japan/2000/Japan/	2000
D2/AB078033/Japan/1998/Japan/	1998
D2/AB090268/Japan/1997/Japan/	1997
D2/AB090269/Japan/1992/Japan/	1992
D2/AB090270/Japan/1999/Japan/	1999
D2/AB109475/Japan/2001/Japan/	2001
D2/AB109476/Japan/1997/Japan/	1997
D2/AB109477/Japan/1997/Japan/	1997
D2/AB109478/Japan/1998/Japan/	1998
D2/AB109479/Japan/1997/Japan/	1997
D2/AB110075/Japan/2001/Japan/	2001
D2/AB116266/Japan/1987/Japan/	1987
D2/AB119251/Japan/2002/Japan/	2002
D2/AB119252/Japan/2002/Japan/	2002
D2/AB119253/Japan/2000/Japan/	2000
D2/AB119254/Japan/2003/Japan/	2003
D2/AB119255/Japan/2001/Japan/	2001
D2/AB119256/Japan/1997/Japan/	1997
D2/AB120308/Japan/1982/Japan/	1982
D2/AL67VP/Belgium/2006/Belgium/	2006
D2/AL68KM/Belgium/2006/Belgium/	2006
D2/AL74BML/Belgium/2005/Belgium/	2005
D2/EU594398/Russia/1997/Russia/	1997
D2/EU594399/Russia/1997/Russia/	1997
D2/EU594415/Russia/1997/Russia/	1997
D2/EU594416/Russia/1997/Russia/	1997
D2/EU594421/Russia/1997/Russia/	1997
D2/EU594422/Russia/1997/Russia/	1997
D2/EU594423/Russia/1997/Russia/	1997
D2/EU594424/Russia/1997/Russia/	1997
D2/EU594425/Russia/1997/Russia/	1997
D2/EU594426/Russia/1997/Russia/	1997
D2/EU594427/Russia/1997/Russia/	1997
D2/EU594428/Kazakhstan/1997/Kazakhstan/	1997
D2/EU594430/Russia/1997/Russia/	1997
D2/EU594431/Russia/1997/Russia/	1997
D2/EU594432/Russia/1997/Russia/	1997
D2/EU594433/Russia/1997/Russia/	1997
D2/GQ477452/Poland/2006/Poland/	2006
D2/GQ477453/Poland/2006/Poland/	2006
D2/GQ477454/Poland/2006/Poland/	2006
D2/GQ477455/Poland/2006/Poland/	2006
D2/GQ477456/Poland/2006/Poland/	2006
D2/GQ477457/Poland/2006/Poland/	2006
D2/GQ924652/Malaysia/2007/Malaysia/	2007
D2/GU456635/Iran/2007/Iran/	2007
D2/JN642143/Lebanon/2010/Lebanon/	2010
D2/JN642144/Lebanon/2010/Lebanon/	2010
D2/JN642148/Lebanon/2010/Lebanon/	2010
D2/JN642159/Lebanon/2010/Lebanon/	2010
D2/JN642160/Lebanon/2010/Lebanon/	2010
D2/JN642162/Lebanon/2010/Lebanon/	2010
D2/JN642163/Lebanon/2010/Lebanon/	2010
D2/JX096954/Latvia/2009/Latvia/	2009
D2/JX096955/Latvia/1991/Latvia/	1991
D2/JX096956/Latvia/2006/Latvia/	2006
D2/JX096957/Latvia/2008/Latvia/	2008
D2/JX096958/Latvia/2007/Latvia/	2007
D2/KJ843187/Argentina/2011/Argentina/	2011
D2/KM577668/Iran/2006/Iran/	2006
D2/KM577669/Iran/2006/Iran/	2006
D2/KM577670/Iran/2006/Iran/	2006
D2/KM577671/Iran/2006/Iran/	2006
D3/AL78DHKL/Belgium/2004/Belgium/	2004
D3/EU594436/Russia/1997/Russia/	1997
D3/FJ692506/Haiti/2006/Haiti/	2006
D3/FJ692507/Haiti/2006/Haiti/	2006
D3/GQ922000/Canada/1985/Canada/	1985
D3/GQ922001/Canada/1984/Canada/	1984
D3/GQ922002/Canada/1985/Canada/	1985
D3/HQ236014/Serbia/2007/Serbia/	2007
D3/HQ236015/Serbia/2007/Serbia/	2007
D3/HQ236016/Serbia/2007/Serbia/	2007
D3/JX470760/Argentina/2008/Argentina/	2008
D3/JX898686/Sweden/1975/Sweden/	1975
D3/JX898687/Sweden/1975/Sweden/	1975
D3/JX898688/Sweden/1975/Sweden/	1975
D3/JX898689/Sweden/1986/Sweden/	1986
D3/JX898690/Sweden/1996/Sweden/	1996
D3/JX898691/Sweden/1996/Sweden/	1996
D3/JX898692/Sweden/1996/Sweden/	1996
D3/JX898693/Sweden/1996/Sweden/	1996
D3/JX898694/Sweden/2008/Sweden/	2008
D3/JX898695/Sweden/2008/Sweden/	2008
D3/JX898696/Sweden/2008/Sweden/	2008
D3/JX898697/Sweden/2009/Sweden/	2009
D3/JX898698/Sweden/2008/Sweden/	2008
D3/KC012652/Argentina/2009/Argentina/	2009
D3/KM359442/Argentina/2009/Argentina/	2009
D3/KM386676/Argentina/2009/Argentina/	2009
D3/KM577663/Iran/2006/Iran/	2006
D3/KM577664/Iran/2006/Iran/	2006
D3/KM577665/Iran/2006/Iran/	2006
D3/KM577666/Iran/2006/Iran/	2006
D3/KM577667/Iran/2006/Iran/	2006
D3/X898699/Sweden/2008/Sweden/	2008
D4/FJ692532/Haiti/2006/Haiti/	2006
D4/FJ692533/Haiti/2006/Haiti/	2006
D4/FJ692536/Haiti/2006/Haiti/	2006
D4/GQ922003/Canada/1984/Canada/	1984
D4/GQ922004/Canada/1984/Canada/	1984
D4/GQ922005/Canada/1984/Canada/	1984
D4/KJ470884/Brazil/2010/Brazil/	2010
D4/KJ470885/Brazil/2010/Brazil/	2010
D4/KJ470886/Brazil/2009/Brazil/	2009
D4/KJ470887/Brazil/2009/Brazil/	2009
D4/KJ470888/Brazil/2009/Brazil/	2009
D4/KJ470889/Brazil/2009/Brazil/	2009
D4/KJ470890/Brazil/2009/Brazil/	2009
D4/KJ470891/Brazil/2008/Brazil/	2008
D4/KJ470892/Brazil/2008/Brazil/	2008
D4/KJ470893/Brazil/2009/Brazil/	2009
D4/KJ470894/Brazil/2010/Brazil/	2010
D4/KJ470895/Brazil/2009/Brazil/	2009
D4/KJ470896/Brazil/2009/Brazil/	2009
D4/KJ470897/Brazil/2008/Brazil/	2008
D4/KJ470898/Brazil/2010/Brazil/	2010
D5/GQ205377/India/2007/India/	2007
D5/GQ205378/India/2007/India/	2007
D5/GQ205379/India/2007/India/	2007
D5/GQ205380/India/2007/India/	2007
D5/GQ205381/India/2008/India/	2008
D5/GQ205382/India/2008/India/	2008
D5/GQ205383/India/2008/India/	2008
D5/GQ205384/India/2008/India/	2008
D5/GQ205385/India/2008/India/	2008
D5/GQ205386/India/2008/India/	2008
D5/GQ205387/India/2008/India/	2008
D5/GQ205388/India/2008/India/	2008
D5/GQ205389/India/2008/India/	2008
D6/KF170740/Sudan/2008/Sudan/	2008
D7/FJ904394/Tunisia/2005/Tunisia/	2005
D7/FJ904395/Tunisia/2006/Tunisia/	2006
D7/FJ904396/Tunisia/2006/Tunisia/	2006
D7/FJ904397/Tunisia/2006/Tunisia/	2006
D7/FJ904398/Tunisia/2005/Tunisia/	2005
D7/FJ904400/Tunisia/2006/Tunisia/	2006
D7/FJ904401/Tunisia/2006/Tunisia/	2006
D7/FJ904403/Tunisia/2006/Tunisia/	2006
D7/FJ904404/Tunisia/2006/Tunisia/	2006
D7/FJ904405/Tunisia/2006/Tunisia/	2006
D7/FJ904406/Tunisia/2006/Tunisia/	2006
D7/FJ904407/Tunisia/2006/Tunisia/	2006
D7/FJ904408/Tunisia/2006/Tunisia/	2006
D7/FJ904410/Tunisia/2006/Tunisia/	2006
D7/FJ904413/Tunisia/2006/Tunisia/	2006
D7/FJ904414/Tunisia/2006/Tunisia/	2006
D7/FJ904416/Tunisia/2006/Tunisia/	2006
D7/FJ904417/Tunisia/2006/Tunisia/	2006
D7/FJ904419/Tunisia/2006/Tunisia/	2006
D7/FJ904424/Tunisia/2006/Tunisia/	2006
D7/FJ904425/Tunisia/2006/Tunisia/	2006
D7/FJ904428/Tunisia/2006/Tunisia/	2006
D7/FJ904430/Tunisia/2005/Tunisia/	2005
D7/FJ904433/Tunisia/2005/Tunisia/	2005
D7/FJ904435/Tunisia/2006/Tunisia/	2006
D7/FJ904436/Tunisia/2006/Tunisia/	2006
D7/FJ904437/Tunisia/2006/Tunisia/	2006
D7/FJ904438/Tunisia/2006/Tunisia/	2006
D7/FJ904439/Tunisia/2006/Tunisia/	2006
D7/FJ904440/Tunisia/2006/Tunisia/	2006
D7/FJ904441/Tunisia/2006/Tunisia/	2006
D7/FJ904442/Tunisia/2005/Tunisia/	2005
D7/FJ904447/Tunisia/2006/Tunisia/	2006
LT992439.1DA27/Kazakhstan/407/Kazakhstan/	407
LT992438.1DA29/Kazakhstan/1195/Kazakhstan/	1195
LT992444.1DA51/Kyrgyzstan/-280/Kyrgyzstan/	-280
LT992454.1DA222/Kazakhstan/850/Kazakhstan/	850
MG585269-NASD24SEQ/Italy/1578/Italy/	1578
